{"cameraMode":{"drawMode":0,"name":"Shaded","section":"Shading Mode"},"sceneLighting":false,"audioPlay":false,"sceneViewState":{"m_AlwaysRefresh":false,"showFog":true,"showSkybox":false,"showFlares":true,"showImageEffects":true,"showParticleSystems":true,"showVisualEffectGraphs":true,"m_FxEnabled":true},"in2DMode":false,"pivot":{"x":-2.9670000076293947,"y":1.2019999027252198,"z":12.140000343322754},"rotation":{"x":-0.05275838077068329,"y":-0.030611101537942888,"z":0.0017089294269680977,"w":-0.9981178045272827},"size":1.3749425411224366,"orthographic":false}