{"cameraMode":{"drawMode":0,"name":"Shaded","section":"Shading Mode"},"sceneLighting":false,"audioPlay":false,"sceneViewState":{"m_AlwaysRefresh":false,"showFog":true,"showSkybox":false,"showFlares":true,"showImageEffects":true,"showParticleSystems":true,"showVisualEffectGraphs":true,"m_FxEnabled":true},"in2DMode":false,"pivot":{"x":-1.8261456489562989,"y":0.4104989767074585,"z":13.07599925994873},"rotation":{"x":-0.05127568915486336,"y":-0.020130757242441179,"z":0.0011334484443068505,"w":-0.9984644055366516},"size":1.1741260290145875,"orthographic":false}