{"cameraMode":{"drawMode":0,"name":"Shaded","section":"Shading Mode"},"sceneLighting":true,"audioPlay":false,"sceneViewState":{"m_AlwaysRefresh":false,"showFog":true,"showSkybox":true,"showFlares":true,"showImageEffects":true,"showParticleSystems":true,"showVisualEffectGraphs":true,"m_FxEnabled":true},"in2DMode":false,"pivot":{"x":-0.8342276215553284,"y":1.6572866439819337,"z":11.690308570861817},"rotation":{"x":0.10055844485759735,"y":0.03885551914572716,"z":-0.0040192068554461,"w":0.9941455721855164},"size":1.2247449159622193,"orthographic":false}