{"cameraMode":{"drawMode":0,"name":"Shaded","section":"Shading Mode"},"sceneLighting":true,"audioPlay":false,"sceneViewState":{"m_AlwaysRefresh":false,"showFog":true,"showSkybox":true,"showFlares":true,"showImageEffects":true,"showParticleSystems":true,"showVisualEffectGraphs":true,"m_FxEnabled":true},"in2DMode":false,"pivot":{"x":-3.1309444904327394,"y":1.1697841882705689,"z":1.0159380435943604},"rotation":{"x":0.23362888395786286,"y":-0.0014107610331848264,"z":0.00024232629220932722,"w":0.9723140001296997},"size":1.2247449159622193,"orthographic":false}