{"cameraMode":{"drawMode":0,"name":"Shaded","section":"Shading Mode"},"sceneLighting":true,"audioPlay":false,"sceneViewState":{"m_AlwaysRefresh":false,"showFog":true,"showSkybox":true,"showFlares":true,"showImageEffects":true,"showParticleSystems":true,"showVisualEffectGraphs":true,"m_FxEnabled":true},"in2DMode":false,"pivot":{"x":-2.019531726837158,"y":0.3669249415397644,"z":0.8664556741714478},"rotation":{"x":-0.45534902811050417,"y":-0.06989020854234696,"z":0.03591465577483177,"w":-0.8869389295578003},"size":1.0424662828445435,"orthographic":false}